,DrugBank_ID,Label,y_preds,Smiles
155,DB00343/DB08868,1,0.78792363,COC1=CC=C(C=C1)[C@@H]1SC2=C(C=CC=C2)N(CCN(C)C)C(=O)[C@@H]1OC(C)=O?CCCCCCCCC1=CC=C(CCC(N)(CO)CO)C=C1
91,DB00310/DB00195,1,0.70857584,NS(=O)(=O)C1=C(Cl)C=CC(=C1)C1(O)NC(=O)C2=CC=CC=C12?CC(C)NCC(O)COC1=CC=C(CCOCC2CC2)C=C1
656,DB00014/DB01128,1,0.08202061,CC(C)C[C@H](NC(=O)[C@@H](COC(C)(C)C)NC(=O)[C@H](CC1=CC=C(O)C=C1)NC(=O)[C@H](CO)NC(=O)[C@H](CC1=CNC2=CC=CC=C12)NC(=O)[C@H](CC1=CN=CN1)NC(=O)[C@@H]1CCC(=O)N1)C(=O)N[C@@H](CCCN=C(N)N)C(=O)N1CCC[C@H]1C(=O)NNC(N)=O?CC(O)(CS(=O)(=O)C1=CC=C(F)C=C1)C(=O)NC1=CC(=C(C=C1)C#N)C(F)(F)F
1344,DB08726/DB00283,0,0.7684377,CC1=NOC(CCCCCCCOC2=CC=C(C=C2)C2=NCCO2)=C1?CN1CCC[C@@H]1CCO[C@](C)(C1=CC=CC=C1)C1=CC=C(Cl)C=C1
62,DB00275/DB00999,1,0.99315774,CCCC1=NC(=C(N1CC1=CC=C(C=C1)C1=C(C=CC=C1)C1=NN=NN1)C(O)=O)C(C)(C)O?NS(=O)(=O)C1=C(Cl)C=C2NCNS(=O)(=O)C2=C1
1003,DB02324/DB01025,0,0.009997517,[H][C@]1(O)C[C@@]([H])(O[C@]1([H])COP(O)(O)=O)N1C=C(I)C(=O)NC1=O?CC(C)C1=CC2=C(OC3=NC(N)=C(C=C3C2=O)C(O)=O)C=C1
1157,DB02448/DB11297,0,0.063161165,CCCCCCCCCCCCC(O)=O?CCCCCCCCCCCCCCCC(=O)NCC(=O)N[C@@H](CC1=CNC=N1)C(=O)N[C@@H](CCCCN)C(O)=O
852,DB11526/DB07086,0,0.5120065,CN1CCN(CC2=CC=C(C=C2)C(=O)NC2=CC=C(C)C(NC3=NC(=CS3)C3=CN=CC=C3)=C2)CC1?[H][C@@]12C[C@@](CO)(CO[C@]1([H])C1=CC=C(O)C=C1)CC=C2C
509,DB00968/DB00999,1,0.9937413,C[C@](N)(CC1=CC=C(O)C(O)=C1)C(O)=O?NS(=O)(=O)C1=C(Cl)C=C2NCNS(=O)(=O)C2=C1
498,DB00945/DB08908,1,0.88894296,CC(=O)OC1=CC=CC=C1C(O)=O?[H]\C(=C(\[H])C(=O)OC)C(=O)OC
109,DB00316/DB01551,1,0.9878427,CC(=O)NC1=CC=C(O)C=C1?[H][C@@]12OC3=C4C(C[C@H]5N(C)CC[C@@]14[C@@]5([H])CC[C@@H]2O)=CC=C3OC
105,DB00316/DB00586,1,0.9692662,CC(=O)NC1=CC=C(O)C=C1?OC(=O)CC1=CC=CC=C1NC1=C(Cl)C=CC=C1Cl
58,DB00273/DB01202,1,0.9921489,[H][C@@]12CO[C@@]3(COS(N)(=O)=O)OC(C)(C)O[C@@]3([H])[C@]1([H])OC(C)(C)O2?CC[C@H](N1CCCC1=O)C(N)=O
881,DB14185/DB11943,0,0.94196105,CCCCCCCCCCCC(=O)OCN1C(=O)CCC2=CC=C(OCCCCN3CCN(CC3)C3=C(Cl)C(Cl)=CC=C3)C=C12?NC1=NC(N2C=C(C(O)=O)C(=O)C3=CC(F)=C(N4CC(O)C4)C(Cl)=C23)=C(F)C=C1F
1373,DB07345/DB04529,0,0.037418813,NCCC1=CC=C(O)C(=C1)C1CCCCC1?CN[C@H](CC(C)C)C(=O)N[C@@H]1[C@H](O)C2=CC=C(OC3=C(O[C@@H]4O[C@H](CO)[C@@H](O)[C@H](O)[C@H]4O)C4=CC(=C3)[C@@H](NC(=O)[C@H](CC(N)=O)NC1=O)C(=O)N[C@@H]1C3=CC(=C(O)C=C3)C3=C(O)C=C(O)C=C3[C@H](NC(=O)[C@@H](NC1=O)[C@H](O)C1=CC(Cl)=C(O4)C=C1)C(O)=O)C(Cl)=C2
776,DB04819/DB04206,0,0.036746353,CN(C)CCN(CC1=CC=CS1)C1=NC=CC=C1?N[C@@H](CC1=CNC2=NC=CC=C12)C(O)=O
695,DB01238/DB01356,1,0.067702115,ClC1=CC=CC(N2CCN(CCCCOC3=CC4=C(CCC(=O)N4)C=C3)CC2)=C1Cl?[Li+]
426,DB00776/DB01202,1,0.9702167,NC(=O)N1C2=CC=CC=C2CC(=O)C2=C1C=CC=C2?CC[C@H](N1CCCC1=O)C(N)=O
1067,DB00943/DB15254,0,0.55688494,NC1=NC(=O)N(C=C1)[C@H]1CC[C@@H](CO)O1?CNS(=O)(=O)NC1=C(F)C(CC2=C(C)C3=C(OC2=O)C=C(OC2=NC=CC=N2)C=C3)=CC=N1
291,DB00555/DB00564,1,0.989835,NC1=NC(N)=C(N=N1)C1=C(Cl)C(Cl)=CC=C1?NC(=O)N1C2=CC=CC=C2C=CC2=CC=CC=C12
186,DB00388/DB01064,1,0.98086435,CNC[C@H](O)C1=CC(O)=CC=C1?CC(C)NCC(O)C1=CC(O)=C(O)C=C1
452,DB00818/DB00899,1,0.97454834,CC(C)C1=CC=CC(C(C)C)=C1O?CCC(=O)N(C1=CC=CC=C1)C1(CCN(CCC(=O)OC)CC1)C(=O)OC
518,DB00987/DCC0456,1,0.123711914,NC1=NC(=O)N(C=C1)[C@@H]1O[C@H](CO)[C@@H](O)[C@@H]1O?[H]/C1=C([H])/[C@]([H])(OC)[C@@]([H])(OC(O)=N)C(C)=C([H])[C@]([H])(C)[C@@]([H])(O)[C@]([H])(C[C@]([H])(C)CC2=C(NCC=C)C(=O)C=C(N=C(O)\C(C)=C\1/[H])C2=O)OC
1002,DB13272/DB09246,0,0.10587701,CCN(CC)C1=NC(=NN)N=C(N1)N(CC)CC?CC(NNC(=O)C1=CC=CC=C1)C1=CC=CC=C1
764,DB06590/DB02941,0,0.9762544,[H][C@]12SCC(SC3=NC(=CS3)C3=CC=[N+](C)C=C3)=C(N1C(=O)[C@H]2NC(=O)C(=N/OCC)\C1=NSC(NP(O)(O)=O)=N1)C([O-])=O?[H][C@@](C)(N)[C@@]([H])(CCCCCC(O)=O)CC(O)=O
590,DB01229/DB08916,1,0.9743105,[H][C@]12[C@H](OC(=O)C3=CC=CC=C3)[C@]3(O)C[C@H](OC(=O)[C@H](O)[C@@H](NC(=O)C4=CC=CC=C4)C4=CC=CC=C4)C(C)=C([C@@H](OC(C)=O)C(=O)[C@]1(C)[C@@H](O)C[C@H]1OC[C@@]21OC(C)=O)C3(C)C?CN(C)C\C=C\C(=O)NC1=C(O[C@H]2CCOC2)C=C2N=CN=C(NC3=CC(Cl)=C(F)C=C3)C2=C1
1317,DB12930/DB13837,0,0.72330976,OCCN1CCN(CCCN2C3=CC=CC=C3C=CC3=CC=CC=C23)CC1?OCCN1C2=C(C=C(Cl)C=C2)C(=NC(O)C1=O)C1=CC=CC=C1F
785,DB12419/DB00151,0,0.04747039,C[C@@H]1CN(CCN1S(=O)(=O)C1=CC=CC(=C1)[C@@](C)(O)C(F)(F)F)C1=CC=C(F)C=C1C(F)(F)F?N[C@@H](CS)C(O)=O
30,DB00207/DB00438,1,0.97637403,CC[C@H]1OC(=O)[C@H](C)[C@@H](O[C@H]2C[C@@](C)(OC)[C@@H](O)[C@H](C)O2)[C@H](C)[C@@H](O[C@@H]2O[C@H](C)C[C@@H]([C@H]2O)N(C)C)[C@](C)(O)C[C@@H](C)CN(C)[C@H](C)[C@@H](O)[C@]1(C)O?[O-]C(=O)C1=C(CS[C@]2([H])[C@H](NC(=O)C(=N/OC(C)(C)C(O)=O)\C3=CSC(N)=N3)C(=O)N12)C[N+]1=CC=CC=C1
814,DB14020/DB00937,0,0.013211906,OC(C(=O)C1=CC=CC=C1)C1=CC=CC=C1?CCN(CC)C(C)C(=O)C1=CC=CC=C1
754,DB12269/DB11593,0,0.03428355,CC(C)(CO)N1C=C(C(=O)C2=CC(NC(=O)CC3=CC=C(Cl)C=N3)=CN=C2)C2=CN=C(N)N=C12?O=C1NC2=CC=CC=C2C(=O)O1
275,DB00530/DB01248,1,0.9769569,COCCOC1=CC2=C(C=C1OCCOC)C(NC1=CC(=CC=C1)C#C)=NC=N2?[H][C@@]1(C[C@@]2(O)[C@@H](OC(=O)C3=CC=CC=C3)[C@]3([H])[C@@]4(CO[C@@H]4C[C@H](O)[C@@]3(C)C(=O)[C@H](O)C(=C1C)C2(C)C)OC(C)=O)OC(=O)[C@H](O)[C@@H](NC(=O)OC(C)(C)C)C1=CC=CC=C1
921,DB13012/DB11210,0,0.004594296,C[C@]12CC[C@@H]([C@@H](CN)[C@@H]1CCC2=C)[C@@]1(C)CC[C@H](O)C[C@@H]1CO?[Fe++].NCC([O-])=O.NCC([O-])=O
342,DB00627/DB00945,1,0.40573055,OC(=O)C1=CN=CC=C1?CC(=O)OC1=CC=CC=C1C(O)=O
1025,DB15333/DB13856,0,0.9892915,C[C@H](NC(=O)CN1C=NC2=C1C(F)=C(F)C=C2)C1=CC=C(C=C1)C(C)(C)C?C[C@]12C[C@H](Cl)[C@@]3(Cl)[C@@H](C[C@H](F)C4=CC(=O)C=C[C@]34C)[C@@H]1C[C@@H](O)[C@]2(O)C(=O)CO
385,DB00688/DB00864,1,0.9877701,COC1=C(C\C=C(/C)CCC(=O)OCCN2CCOCC2)C(O)=C2C(=O)OCC2=C1C?CO[C@@H]1C[C@@H](CC[C@H]1O)\C=C(/C)[C@H]1OC(=O)[C@@H]2CCCCN2C(=O)C(=O)[C@]2(O)O[C@@H]([C@H](C[C@H]2C)OC)[C@H](C[C@@H](C)C\C(C)=C\[C@@H](CC=C)C(=O)C[C@H](O)[C@H]1C)OC
1245,DB02607/DB02108,0,0.08408889,[H][C@]1(COC(=O)CP(O)(O)=O)O[C@@]([H])(N2C=NC3=C(N)N=CN=C23)[C@]([H])(O)[C@]1([H])O?[H]N=C([H])CN
486,DB00929/DB00834,1,0.84511554,CCCCC(C)(O)C\C=C\[C@H]1[C@H](O)CC(=O)[C@@H]1CCCCCCC(=O)OC?[H][C@@]12CC[C@@](O)(C#CC)[C@@]1(C)C[C@H](C1=CC=C(C=C1)N(C)C)C1=C3CCC(=O)C=C3CC[C@@]21[H]
1115,DB02437/DB12199,0,0.056604117,N[C@H](CO)CCCCNC(O)=O?[H][C@](NC(=O)[C@H](CC1=CC=C(O)C=C1)NC(=O)[C@@H](NC(=O)[C@H](CCCNC(N)=N)NC(=O)CNC)C(C)C)([C@@H](C)CC)C(=O)N[C@@H](CC1=CN=CN1)C(=O)N1CCC[C@H]1C(=O)N[C@H](C)C(O)=O
446,DB00813/DB00961,1,0.83971596,CCC(=O)N(C1CCN(CCC2=CC=CC=C2)CC1)C1=CC=CC=C1?CN1CCCCC1C(=O)NC1=C(C)C=CC=C1C
256,DB00497/DB01183,1,0.98962706,COC1=C2O[C@H]3C(=O)CC[C@@]4(O)[C@H]5CC(C=C1)=C2[C@@]34CCN5C?OC1=CC=C2C[C@H]3N(CC=C)CC[C@@]45[C@@H](OC1=C24)C(=O)CC[C@@]35O
367,DB00668/DB00721,1,0.87641156,CNC[C@H](O)C1=CC(O)=C(O)C=C1?CCN(CC)CCOC(=O)C1=CC=C(N)C=C1
958,DB07788/DB07427,0,0.060447037,[H]\C1=C([H])/C2=CC(OC)=CC(O)=C2C(=O)O[C@]([H])(C)C\C([H])=C([H])/C(=O)[C@@]([H])(O)[C@@]([H])(O)C1?COC1=C(OCC2=NC=CC=C2)C=C(C)C=C1
617,DB01620/DB06711,1,0.96603227,CN(C)CCC(C1=CC=CC=C1)C1=CC=CC=N1?C(C1=NCCN1)C1=CC=CC2=CC=CC=C12
309,DB00575/DB00633,1,0.102804035,ClC1=CC=CC(Cl)=C1NC1=NCCN1?C[C@H](C1=CNC=N1)C1=C(C)C(C)=CC=C1
858,DB15048/DB03989,0,0.80699253,CCC1=CC=C(C=C1CC1=CC2=C(OCCO2)C=C1)[C@@H]1O[C@H](CO)[C@@H](O)[C@H](O)[C@H]1O?OC[C@H]1OC(O)[C@H](O)[C@H](O)[C@@H]1O
892,DB14500/DB06454,0,0.43895316,[KH]?FC1=CC=C(C=C1)C1=CN=CC(CNC[C@H]2CCC3=CC=CC=C3O2)=C1
308,DB00572/DB01010,1,0.9434664,CN1[C@H]2CC[C@@H]1C[C@@H](C2)OC(=O)C(CO)C1=CC=CC=C1?CC[N+](C)(C)C1=CC(O)=CC=C1
1259,DB16303/DB00323,0,0.06442329,OC(=O)CC[C@H](NC(=O)N[C@@H](CCCCNC(=O)CCCCCNC(=O)CCC1=CC=C(O)C(CN(CCN(CC(O)=O)CC2=CC(CCC(O)=O)=CC=C2O)CC(O)=O)=C1)C(O)=O)C(O)=O?CC1=CC=C(C=C1)C(=O)C1=CC(=C(O)C(O)=C1)[N+]([O-])=O
411,DB00741/DB03904,1,0.951441,[H][C@@]12CC[C@](O)(C(=O)CO)[C@@]1(C)C[C@H](O)[C@@]1([H])[C@@]2([H])CCC2=CC(=O)CC[C@]12C?NC(N)=O
340,DB00626/DB00781,1,0.15646636,CC[C@H](C)[C@H](N)C1=N[C@@H](CS1)C(=O)N[C@@H](CC(C)C)C(=O)N[C@H](CCC(O)=O)C(=O)N[C@@H]([C@@H](C)CC)C(=O)N[C@H]1CCCCNC(=O)[C@H](CC(N)=O)NC(=O)[C@@H](CC(O)=O)NC(=O)[C@H](CC2=CNC=N2)NC(=O)[C@@H](CC2=CC=CC=C2)NC(=O)[C@@H](NC(=O)[C@@H](CCCN)NC1=O)[C@@H](C)CC?[H][C@]1(NC(=O)[C@H](CCN)NC(=O)[C@H](CCN)NC(=O)[C@H](CC(C)C)NC(=O)[C@@H](CC2=CC=CC=C2)NC(=O)[C@@H](CCN)NC(=O)[C@H](CCNC1=O)NC(=O)[C@H](CCN)NC(=O)[C@@H](NC(=O)[C@H](CCN)NC(=O)CCCCC(C)CC)[C@@H](C)O)[C@@H](C)O
1255,DB09123/DB04440,0,0.09228817,[H][C@@]12CC[C@@](O)(CC#N)[C@@]1(C)CCC1=C3CCC(=O)C=C3CC[C@@]21[H]?[H][C@]1(CO)O[C@@]([H])(N2C=NC3=CN=CN=C23)[C@]([H])(O)[C@]1([H])O
45,DB00241/DB00316,1,0.33387017,CC(C)CC1(CC=C)C(=O)NC(=O)NC1=O?CC(=O)NC1=CC=C(O)C=C1
702,DB00774/DB00206,1,0.6149156,NS(=O)(=O)C1=CC2=C(NCNS2(=O)=O)C=C1C(F)(F)F?[H][C@]12C[C@@H](OC(=O)C3=CC(OC)=C(OC)C(OC)=C3)[C@H](OC)[C@@H](C(=O)OC)[C@@]1([H])C[C@@]1([H])N(CCC3=C1NC1=C3C=CC(OC)=C1)C2
910,DB14879/DB12564,0,0.9740372,[H][C@]12SCC(C[N+]3(CCNC(=O)C4=C(Cl)C(O)=C(O)C=C4)CCCC3)=C(N1C(=O)[C@H]2NC(=O)C(=N/OC(C)(C)C(O)=O)\C1=CSC(N)=N1)C([O-])=O?CCCCCCCC\C=C\CCCCCCCC(=O)OC[C@H]1O[C@@H](N2C=CC(N)=NC2=O)C(F)(F)[C@@H]1O
440,DB00798/DB00860,1,0.990716,CNC(C)C1CCC(N)C(OC2C(N)CC(N)C(OC3OCC(C)(O)C(NC)C3O)C2O)O1?[H][C@@]12CC[C@](O)(C(=O)CO)[C@@]1(C)C[C@H](O)[C@@]1([H])[C@@]2([H])CCC2=CC(=O)C=C[C@]12C
519,DB00987/DCC1017,1,0.37146178,NC1=NC(=O)N(C=C1)[C@@H]1O[C@H](CO)[C@@H](O)[C@@H]1O?CN1C=C(C=N1)C1=C2N=C([C@@H]3CCCNC3)C(Br)=C(N)N2N=C1
880,DB00607/DB13916,0,0.013886392,[H][C@]12SC(C)(C)[C@@H](N1C(=O)[C@H]2NC(=O)C1=C(OCC)C=CC2=CC=CC=C12)C(O)=O?NC1=C2C(=CN([C@@H]3O[C@H](CO)[C@@H](O)[C@H]3O)C2=NC=N1)C#N
320,DB00588/DB00938,1,0.9941391,[H][C@@]12C[C@@H](C)[C@](OC(=O)CC)(C(=O)SCF)[C@@]1(C)C[C@H](O)[C@@]1(F)[C@@]2([H])C[C@H](F)C2=CC(=O)C=C[C@]12C?OCC1=C(O)C=CC(=C1)C(O)CNCCCCCCOCCCCC1=CC=CC=C1
672,DB00422/DB01576,1,0.60729843,COC(=O)C(C1CCCCN1)C1=CC=CC=C1?C[C@H](N)CC1=CC=CC=C1
1143,DB13786/DB07640,0,0.19927129,[Mg++].[O-]C(=O)C1=CC(=O)NC(=O)N1.[O-]C(=O)C1=CC(=O)NC(=O)N1?CCCCCCCCCCC1=C(C)C(=O)C(OC)=C(OC)C1=O
13,DB00188/DB00773,1,0.8249394,CC(C)C[C@H](NC(=O)[C@H](CC1=CC=CC=C1)NC(=O)C1=CN=CC=N1)B(O)O?[H][C@]12COC(=O)[C@]1([H])[C@H](C1=CC(OC)=C(O)C(OC)=C1)C1=CC3=C(OCO3)C=C1[C@H]2O[C@@H]1O[C@]2([H])CO[C@@H](C)O[C@@]2([H])[C@H](O)[C@H]1O
229,DB00443/DB02300,1,0.99052715,[H][C@@]12C[C@H](C)[C@](O)(C(=O)CO)[C@@]1(C)C[C@H](O)[C@@]1(F)[C@@]2([H])CCC2=CC(=O)C=C[C@]12C?O[C@H](\C=C\[C@@H](C)[C@@]1([H])CC[C@@]2([H])\C(CCC[C@]12C)=C\C=C1\C[C@@H](O)C[C@H](O)C1=C)C1CC1
700,DB01764/DB01369,1,0.056257516,CCN(CC)CCS(=O)(=O)[C@@H]1CCN2[C@H]1C(=O)O[C@H](C(C)C)[C@H](C)\C=C\C(=O)NC\C=C\C(\C)=C\[C@@H](O)CC(=O)CC1=NC(=CO1)C2=O?[H][C@@]12CCCN1C(=O)[C@@H](CC)NC(=O)[C@@H](NC(=O)C1=NC=CC=C1O)[C@@H](C)OC(=O)[C@@H](NC(=O)[C@]1([H])CC(=O)[C@]([H])(CS[C@@H]3CN4CCC3CC4)CN1C(=O)[C@H](CC1=CC=C(C=C1)N(C)C)N(C)C2=O)C1=CC=CC=C1
1402,DB11762/DB12146,0,0.9833888,C[C@@]12OC(=O)[C@@]1(NC(=O)[C@@H]2CCCl)[C@@H](O)[C@H]1CCCC=C1?COC1=CC(OC)=C(\C=C\S(=O)(=O)CC2=CC=C(OC)C(NCC(O)=O)=C2)C(OC)=C1
1287,DB11888/DB01298,0,0.7540446,[H][C@]1(OC(=C[C@H](NC(N)=N)[C@H]1NC(C)=O)C(O)=O)[C@H](OC)[C@H](O)COC(=O)CCCCCCC?CCN1C=CC(NS(=O)(=O)C2=CC=C(N)C=C2)=NC1=O
797,DB07843/DB00210,0,0.78038013,[H][C@@](C)(N1CC[C@]([H])(NS(=O)(=O)C2=CC3=C(S2)C=CC(Cl)=C3)C1=O)C(=O)N1CCOCC1?COC1=C(C=C(C=C1)C1=CC2=C(C=C1)C=C(C=C2)C(O)=O)C12CC3CC(CC(C3)C1)C2
1386,DB12283/DB11560,0,0.97253716,CC(C)C(=O)OC[C@]1(O[C@H]([C@H](OC(=O)C(C)C)[C@@H]1OC(=O)C(C)C)N1C=CC(N)=NC1=O)N=[N+]=[N-]?OC(=O)CSC1=NN=C(Br)N1C1=CC=C(C2CC2)C2=C1C=CC=C2
765,DB07544/DB03272,0,0.5815424,FC(F)(F)C1=CC=CC=C1S(=O)(=O)NNC(=O)C1=CC2=CC(Cl)=CC=C2O1?CN1N=C(C(Br)=C1C(F)(F)F)C1=CC(C(O)=O)=C(Cl)C=C1F
451,DB00818/DB00683,1,0.8194014,CC(C)C1=CC=CC(C(C)C)=C1O?CC1=NC=C2CN=C(C3=CC=CC=C3F)C3=C(C=CC(Cl)=C3)N12
436,DB00788/DB00736,1,0.2652573,COC1=CC2=C(C=C1)C=C(C=C2)[C@H](C)C(O)=O?COC1=CC2=C(NC(=N2)[S@@](=O)CC2=NC=C(C)C(OC)=C2C)C=C1
1175,DB07940/DB00154,0,0.94461936,IC1=CC=CC(CNC2=C3CCCCC3=NC3=C2C=CC=C3)=C1?CCCCC\C=C/C\C=C/C\C=C/CCCCCCC(O)=O
780,DB11663/DB14136,0,0.22558394,CS(=O)(=O)N1CCN(CC2=CC3=C(S2)C(=NC(=N3)C2=C3C=NNC3=CC=C2)N2CCOCC2)CC1?[H]C(C)(O)COC(=O)O[C@]1([H])C[C@]([H])(C)CC[C@@]1([H])C(C)C
885,DB07624/DB03117,0,0.009257674,[H][C@@]1(C)CN(CC2(CC2)C(N)=O)CCN1S(=O)(=O)C1=CC=C(C=C1)[C@](C)(O)C(F)(F)F?[H]N([H])C1=C2N=CN([C@@H]3O[C@H](COP(O)(=O)OP(O)(=O)OCC(C)(C)[C@@H](O)C(=O)N([H])CCC(=O)N([H])CCSC[C@H](C)C(O)=O)[C@@H](OP(O)(O)=O)[C@H]3O)C2=NC=N1
1151,DB02832/DB05186,0,0.030090004,C[C@@]1(CC(O)=O)C2=CC3=C(CC(O)=O)C(CCC(O)=O)=C4C=C5N6C(=CC7=C(CCC(O)=O)[C@](C)(CC(O)=O)C8=CC(N2[Fe@]6(N34)N78)=C1CCC(O)=O)C(CC(O)=O)=C5CCC(O)=O?CC(C)=CCC\C(C)=C\CNCCNC1C2CC3CC(C2)CC1C3
655,DB00007/DB00396,1,0.20538011,CCNC(=O)[C@@H]1CCCN1C(=O)[C@H](CCCNC(N)=N)NC(=O)[C@H](CC(C)C)NC(=O)[C@@H](CC(C)C)NC(=O)[C@H](CC1=CC=C(O)C=C1)NC(=O)[C@H](CO)NC(=O)[C@H](CC1=CNC2=C1C=CC=C2)NC(=O)[C@H](CC1=CNC=N1)NC(=O)[C@@H]1CCC(=O)N1?[H][C@@]12CC[C@H](C(C)=O)[C@@]1(C)CC[C@@]1([H])[C@@]2([H])CCC2=CC(=O)CC[C@]12C
784,DB03810/DB07607,0,0.33140582,[H][C@@](C)(CC(O)=O)[C@]([H])(N)C(O)=O?C[S@@](=O)C1=CC=C(C=C1)C1=NC(=C(N1)C1=CC(I)=CC=C1)C1=CC=NC=C1
878,DB01066/DB12852,0,0.016694844,[H][C@]12SCC(\C=C/C3=C(C)N=CS3)=C(N1C(=O)[C@H]2NC(=O)C(=N/OC)\C1=CSC(N)=N1)C(O)=O?OC(=O)CC[C@H]1CC[C@@](CC1)(C1=C(F)C=CC(F)=C1)S(=O)(=O)C1=CC=C(Cl)C=C1
425,DB00776/DB00996,1,0.9465591,NC(=O)N1C2=CC=CC=C2CC(=O)C2=C1C=CC=C2?NCC1(CC(O)=O)CCCCC1
806,DB03369/DB07028,0,0.62812775,NC1=CC2=CC=CC=C2C2=CC=CC=C12?OC(=O)COC1=CC(Cl)=CC=C1C(=O)NCC1=C(F)C=C(Br)C=C1
1095,DB00572/DB04093,0,0.01699689,CN1[C@H]2CC[C@@H]1C[C@@H](C2)OC(=O)C(CO)C1=CC=CC=C1?[H]C(=O)CCCCCCCCCC
879,DB03321/DB15619,0,0.14491308,[H][C@]1(OC(=C[C@H](N)[C@H]1NC(C)=O)C(O)=O)[C@H](O)[C@H](O)CO?CC(=O)CC\C=C\C=C\C=C
218,DB00438/DB00479,1,0.97652805,[O-]C(=O)C1=C(CS[C@]2([H])[C@H](NC(=O)C(=N/OC(C)(C)C(O)=O)\C3=CSC(N)=N3)C(=O)N12)C[N+]1=CC=CC=C1?NCC[C@H](O)C(=O)N[C@@H]1C[C@H](N)[C@@H](O[C@H]2O[C@H](CN)[C@@H](O)[C@H](O)[C@H]2O)[C@H](O)[C@H]1O[C@H]1O[C@H](CO)[C@@H](O)[C@H](N)[C@H]1O
867,DB04784/DB00591,0,0.99564546,C[C@@H](O)C1=CC=CC=C1?[H][C@@]12C[C@@]3([H])[C@]4([H])C[C@H](F)C5=CC(=O)C=C[C@]5(C)[C@@]4(F)[C@@H](O)C[C@]3(C)[C@@]1(OC(C)(C)O2)C(=O)CO
1355,DB15970/DB01582,0,0.9878694,[H][C@@]12CC[C@](O)(C(=O)CO)[C@@]1(C)CC(=O)[C@@]1([H])[C@@]2([H])C[C@H](Cl)C2=CC(=O)C=C[C@]12C?CC1=CC(C)=NC(NS(=O)(=O)C2=CC=C(N)C=C2)=N1
1021,DB13005/DB09135,0,0.011103779,CNC(=O)C1=CC(OC2=CC=C(NC(=O)NC3=CC(=NN3C3=CC4=CC=CN=C4C=C3)C(C)(C)C)C(F)=C2)=CC=N1?CC(=O)N(CC(O)CO)C1=C(I)C(C(=O)NCC(O)CO)=C(I)C(C(=O)NCCO)=C1I
258,DB00497/DB00327,1,0.98824424,COC1=C2O[C@H]3C(=O)CC[C@@]4(O)[C@H]5CC(C=C1)=C2[C@@]34CCN5C?[H][C@@]12OC3=C(O)C=CC4=C3[C@@]11CCN(C)[C@]([H])(C4)[C@]1([H])CCC2=O
1295,DB06587/DB01719,0,0.19606584,CC[C@H]1OC(=O)[C@H](C)[C@@H](O[C@H]2C[C@@](C)(OC)[C@@H](O)[C@H](C)O2)[C@H](C)[C@@H](O[C@@H]2O[C@H](C)C[C@@H]([C@H]2O)N(C)C(C)C)[C@@]2(C)CC(C)=C(O2)[C@H](C)C(=O)[C@]1(C)OC?[H][C@]1(S)O[C@]([H])(CO)[C@@]([H])(O[C@@]2([H])O[C@]([H])(CO)[C@@]([H])(S[C@@]3([H])O[C@]([H])(CO)[C@@]([H])(O[C@@]4([H])O[C@]([H])(CO)[C@@]([H])(S[C@@]5([H])O[C@]([H])(CO)[C@@]([H])(O)[C@]([H])(O)[C@@]5([H])O)[C@]([H])(O)[C@@]4([H])O)[C@]([H])(O)[C@@]3([H])O)[C@]([H])(O)[C@@]2([H])O)[C@]([H])(O)[C@@]1([H])O
1080,DB05186/DB02137,0,0.104902714,CC(C)=CCC\C(C)=C\CNCCNC1C2CC3CC(C2)CC1C3?O=[Mo++]=O.NC1=NC2=C(N[C@@H]3[C@H](N2)O[C@H](COP([O-])([O-])=O)C([S-])=C3[S-])C(=O)N1
751,DB07596/DB02020,0,0.07798436,[H][C@]1(CC#N)CC[C@@]2([H])[C@]3([H])CCC4=CC(OS(N)(=O)=O)=C(OC)C=C4[C@@]3([H])CC[C@]12C?OC(=O)CN1C(=O)C2=CC=CC3=CC=CC(C1=O)=C23
559,DB01076/DCC0419,1,0.07396644,CC(C)C1=C(C(=O)NC2=CC=CC=C2)C(=C(N1CC[C@@H](O)C[C@@H](O)CC(O)=O)C1=CC=C(F)C=C1)C1=CC=CC=C1?CCOC(=O)N1[C@H](CC)C[C@H](N(CC2=CC(=CC(=C2)C(F)(F)F)C(F)(F)F)C(=O)OC)C2=C1C=CC(=C2)C(F)(F)F
193,DB00395/DB00945,1,0.9231466,CCCC(C)(COC(N)=O)COC(=O)NC(C)C?CC(=O)OC1=CC=CC=C1C(O)=O
1118,DB12903/DB02113,0,0.027693152,CC1=NC2=CC=C(C=C2N1)N1N=CC(C(=O)C2=CC3=CC=CC=C3N2)=C1N?CC1=C2NC=NC2=NC=N1
312,DB00584/DB01023,1,0.9516982,CCOC(=O)[C@H](CCC1=CC=CC=C1)N[C@@H](C)C(=O)N1CCC[C@H]1C(O)=O?CCOC(=O)C1=C(C)NC(C)=C(C1C1=C(Cl)C(Cl)=CC=C1)C(=O)OC
915,DB15343/DB15583,0,0.010028809,C[C@H]1CN(CC2=CC(=CC(NC3=NC=C(Cl)C(=N3)C3=CNC4=C3C=CC(C)=C4)=C2)C2CC2)C[C@@H](C)N1?FC1=CC=CC(F)=C1C(=O)NC(=O)NC1=CC=C(Cl)C(OC2=NC=C(C=C2Cl)C(F)(F)F)=C1
778,DB03567/DB12706,0,0.058440834,CC(=O)N[C@H]1[C@@H](O)O[C@H](CO)[C@H](O)[C@@H]1O?[O-][N+]1=CC(=CC=C1)C1=NC2=C(Cl)C=CC=C2C=C1[C@@H](NC1=NC=NC2=CC=CN=C12)C(F)(F)F
406,DB00741/DB00759,1,0.994163,[H][C@@]12CC[C@](O)(C(=O)CO)[C@@]1(C)C[C@H](O)[C@@]1([H])[C@@]2([H])CCC2=CC(=O)CC[C@]12C?[H][C@@]12C[C@@]3([H])C(=C(O)[C@]1(O)C(=O)C(C(N)=O)=C(O)[C@H]2N(C)C)C(=O)C1=C(O)C=CC=C1[C@@]3(C)O
987,DB01405/DB04484,0,0.9624131,CC1CN(CCN1)C1=C(F)C=C2C(=O)C(=CN(C2=C1)C1=C(F)C=C(F)C=C1)C(O)=O?N[C@H](CO)CC1=CC=CC=C1
1124,DB08777/DB08667,0,0.01073575,O=C1NC=NC2=C1C1=C(CCCC1)S2?FC1=CC=C(NN=C2C(=N)N=NC2=N)C=C1
991,DB03376/DB03219,0,0.02851975,[H]N([H])[C@@H](C)C(=O)N([H])S(=O)(=O)OC[C@H]1O[C@H]([C@H](O)[C@@H]1O)N1C=NC2=C(N=CN=C12)N([H])[H]?[H][C@]1(O)C[C@]([H])(O[C@]2([H])[C@]([H])(C)O[C@]([H])(C[C@]2([H])N(C)C)O[C@@]2([H])C[C@](O)(CC)[C@]([H])(O)C3=C2C(O)=C2C(=O)C4=C(C=CC=C4O)C(=O)C2=C3)O[C@@]([H])(C)[C@]1([H])O[C@@]1([H])CCC(=O)[C@@]([H])(C)O1
1139,DB12244/DB15498,0,0.9513618,FC(F)(F)C1=CC2=C(C=C1)[C@H]1C[C@@H]2CNC1?CCOC1=CC(=CC=C1NC1=NC=C2C=C(C)N=C(NCC(C)(C)C)C2=N1)C1=NN=CN1C
415,DB00755/DCC1836,1,0.9158175,C\C(\C=C\C1=C(C)CCCC1(C)C)=C/C=C/C(/C)=C/C(O)=O?COC1=CC=C(O)C=C1
174,DB00381/DB00678,1,0.9952464,CCOC(=O)C1=C(COCCN)NC(C)=C(C1C1=CC=CC=C1Cl)C(=O)OC?CCCCC1=NC(Cl)=C(CO)N1CC1=CC=C(C=C1)C1=CC=CC=C1C1=NNN=N1
250,DB00484/DB01194,1,0.9855828,BrC1=C(NC2=NCCN2)C=CC2=NC=CN=C12?CCN[C@H]1CN(CCCOC)S(=O)(=O)C2=C1C=C(S2)S(N)(=O)=O
133,DB00331/DB06203,1,0.7473564,CN(C)C(=N)NC(N)=N?CN1C(=O)C=C(N2CCC[C@@H](N)C2)N(CC2=C(C=CC=C2)C#N)C1=O
1046,DB07721/DB11917,0,0.011121601,CCOP(=O)(OCC)OC1=CC=C(OC)C=C1?CC(C)=CCC\C(C)=C\CC\C(C)=C\CC[C@@](C)(O)CCC1=C(C)C(=O)C(C)=C(C)C1=O
156,DB00355/DB00512,1,0.0748595,C[C@H]1[C@H](NC(=O)C(=N/OC(C)(C)C(=O)O)\C2=CSC([NH3+])=N2)C(=O)N1S([O-])(=O)=O?CN[C@H](CC(C)C)C(=O)N[C@@H]1[C@H](O)C2=CC=C(OC3=C(O[C@@H]4O[C@H](CO)[C@@H](O)[C@H](O)[C@H]4O[C@H]4C[C@](C)(N)[C@H](O)[C@H](C)O4)C4=CC(=C3)[C@@H](NC(=O)[C@H](CC(N)=O)NC1=O)C(=O)N[C@@H]1C3=CC(=C(O)C=C3)C3=C(O)C=C(O)C=C3[C@H](NC(=O)[C@@H](NC1=O)[C@H](O)C1=CC(Cl)=C(O4)C=C1)C(O)=O)C(Cl)=C2
51,DB00264/DB00310,1,0.9764976,COCCC1=CC=C(OCC(O)CNC(C)C)C=C1?NS(=O)(=O)C1=C(Cl)C=CC(=C1)C1(O)NC(=O)C2=CC=CC=C12
27,DB00203/DB06710,1,0.012012273,CCCC1=NN(C)C2=C1N=C(NC2=O)C1=CC(=CC=C1OCC)S(=O)(=O)N1CCN(C)CC1?[H][C@@]12CC[C@](C)(O)[C@@]1(C)CC[C@@]1([H])[C@@]2([H])CCC2=CC(=O)CC[C@]12C
1160,DB13710/DB14086,0,0.12859663,[H][C@]1(O)CC[C@@]2([H])[C@]3([H])CC[C@@]4([H])CC(=O)C=C(C)[C@]4(C)[C@@]3([H])CC[C@]12C?O[C@H]1CC2=C(O)C=C(O)C=C2O[C@@H]1C1=CC=C(O)C(O)=C1
288,DB00544/DB02380,1,0.93369085,FC1=CNC(=O)NC1=O?OC[C@H]1O[C@H](C[C@@H]1O)N1C=NC2=C1N=CNC2=O
278,DB00531/DB01101,1,0.9916072,ClCCN(CCCl)P1(=O)NCCCO1?CCCCCOC(=O)NC1=NC(=O)N(C=C1F)[C@@H]1O[C@H](C)[C@@H](O)[C@H]1O
154,DB00343/DB00584,1,0.89425623,COC1=CC=C(C=C1)[C@@H]1SC2=C(C=CC=C2)N(CCN(C)C)C(=O)[C@@H]1OC(C)=O?CCOC(=O)[C@H](CCC1=CC=CC=C1)N[C@@H](C)C(=O)N1CCC[C@H]1C(O)=O
907,DB06890/DB08377,0,0.0748809,[H][C@](CC)(C(=O)NC1=CC=NC=C1)C1=CC=CC=C1?C[C@@H](NC(=O)CCCP(O)(=O)OC1=CC=C(C=C1)[N+]([O-])=O)C(O)=O
1237,DB06886/DB03977,0,0.15680829,[H][C@](C)(O)[C@]([H])(CC1=CC=CC=C1)NC(=O)[C@]1([H])CCCN1C(=O)[C@]([H])(C)NC(=O)OCC1=CC=CC=C1?C[N+](C)(C)CCCC[C@H](N)C(O)=O
809,DB08232/DB03736,0,0.009876788,NC1=CC=C2NC(=CC2=N1)C1=CC(CC(O)=O)=CC(=C1O)C1=CC=CC(=C1)[N+]([O-])=O?[H][C@](C)(CC1CC1)C=O
346,DB00634/DB00860,1,0.9150747,CC(=O)NS(=O)(=O)C1=CC=C(N)C=C1?[H][C@@]12CC[C@](O)(C(=O)CO)[C@@]1(C)C[C@H](O)[C@@]1([H])[C@@]2([H])CCC2=CC(=O)C=C[C@]12C
134,DB00331/DCC0741,1,0.054346055,CN(C)C(=N)NC(N)=N?CC[C@H](C)[C@H](NC(=O)[C@H](CC1=CC=CC=C1)NC(=O)[C@H](CC(C)C)NC(=O)[C@H](CCCNC(N)=N)NC(=O)[C@@H](NC(=O)[C@H](C)NC(=O)[C@H](CCC(O)=O)NC(=O)[C@H](CCC(O)=O)NC(=O)[C@H](CCC(O)=O)NC(=O)[C@H](CCSC)NC(=O)[C@H](CCC(N)=O)NC(=O)[C@H](CCCCN)NC(=O)[C@H](CO)NC(=O)[C@H](CC(C)C)NC(=O)[C@H](CC(O)=O)NC(=O)[C@H](CO)NC(=O)[C@@H](NC(=O)[C@H](CC1=CC=CC=C1)NC(=O)[C@@H](NC(=O)CNC(=O)[C@H](CCC(O)=O)NC(=O)CNC(=O)[C@@H](N)CC1=CNC=N1)[C@@H](C)O)[C@@H](C)O)C(C)C)C(=O)N[C@@H](CCC(O)=O)C(=O)N[C@@H](CC1=CNC2=C1C=CC=C2)C(=O)N[C@@H](CC(C)C)C(=O)N[C@@H](CCCCN)C(=O)N[C@@H](CC(N)=O)C(=O)NCC(=O)NCC(=O)N1CCC[C@H]1C(=O)N[C@@H](CO)C(=O)N[C@@H](CO)C(=O)NCC(=O)N[C@@H](C)C(=O)N1CCC[C@H]1C(=O)N1CCC[C@H]1C(=O)N[C@@H](CO)C(=O)N[C@@H](CCCCN)C(=O)N[C@@H](CCCCN)C(=O)N[C@@H](CCCCN)C(=O)N[C@@H](CCCCN)C(=O)N[C@@H](CCCCN)C(=O)N[C@@H](CCCCN)C(N)=O
548,DB01034/DB01235,1,0.17955217,[H][C@]1(O[C@]1([H])C(=O)CC\C=C\C\C=C\C)C(N)=O?N[C@@H](CC1=CC(O)=C(O)C=C1)C(O)=O
1396,DB02491/DB03612,0,0.009340972,CC(C)(N)C1=CC=C(C=C1)C1=NC(NC2=CC=C(CCN3CCOCC3)C=C2)=NC=C1Cl?CC(O)CC(=O)SCCNC(=O)CCNC(=O)[C@H](O)C(C)(C)COP(O)(=O)OP(O)(=O)OC[C@H]1O[C@H]([C@H](O)[C@@H]1OP(O)(O)=O)N1C=NC2=C1N=CN=C2N
634,DCC0723/DCC0932,1,0.008165747,COC1=CC2=C(C=C1OCCCN1CCCC1)N=CN=C2OC1=C(F)C2=C(NC(C)=C2)C=C1?FC1=CC=C(CC2=NNC(=O)C3=CC=CC=C23)C=C1C(=O)N1CCN(CC1)C(=O)C1CC1
979,DB08264/DB01017,0,0.75151205,[H][C@]1(O)C=CC2=C(C=CC=C2)[C@@]1([H])O?[H][C@@]12CC3=C(C(O)=CC=C3N(C)C)C(=O)C1=C(O)[C@]1(O)C(=O)C(C(N)=O)=C(O)[C@@H](N(C)C)[C@]1([H])C2
775,DB15960/DB15489,0,0.07003164,ClN1C(=O)NC(=O)N(Cl)C1=O?CC1COC2(N1CC(O)=NC1=C2C=C(Cl)C=C1)C1=CC=CC=C1Cl
1392,DB15230/DB13136,0,0.4944095,CSC(=O)C1=C(N=C(C(C(=O)SC)=C1CC(C)C)C(F)(F)F)C(F)F?FC1=CC=C(C=C1)C1C(=O)C2=CC=CC=C2C1=O
128,DB00331/DB00997,1,0.9544409,CN(C)C(=N)NC(N)=N?COC1=CC=CC2=C1C(=O)C1=C(O)C3=C(C[C@](O)(C[C@@H]3O[C@H]3C[C@H](N)[C@H](O)[C@H](C)O3)C(=O)CO)C(O)=C1C2=O
456,DB00852/DB00874,1,0.9794954,CN[C@@H](C)[C@@H](O)C1=CC=CC=C1?COC1=CC=CC=C1OCC(O)CO
1405,DB05025/DB09389,0,0.018672109,O[C@@H](CON=C(Cl)C1=C[N+]([O-])=CC=C1)CN1CCCCC1?CCC12CCC3C(CCC4=CC(=O)CCC34)C1CCC2(O)C#C
1197,DB02845/DB04710,0,0.9406438,CP(O)=O?CCOC(=O)\C=C\[C@H](C[C@@H]1CCNC1=O)NC(=O)[C@H](CC(C)C)NC(=O)[C@H](C(C)C)NC(=O)[C@H](C)NC(=O)C1=NOC(C)=C1
1411,DB03940/DB04186,0,0.098891914,NC(=O)C(O)=O?[H][C@]12CCCN1C(=O)C1=C2C(NC(=O)NC2=CC=CC=N2)=CC=C1
1211,DB03347/DB06309,0,0.06544411,CCOP(=O)(OCC)OCC?[H][C@@](O)(CO)CC1(CC1)S(=O)(=O)NC1=C(OC)C=C(F)C(F)=C1NC1=C(F)C=C(I)C=C1
147,DB00338/DB00563,1,0.838972,COC1=CC2=C(C=C1)N=C(N2)S(=O)CC1=NC=C(C)C(OC)=C1C?CN(CC1=CN=C2N=C(N)N=C(N)C2=N1)C1=CC=C(C=C1)C(=O)N[C@@H](CCC(O)=O)C(O)=O
982,DB11135/DB15658,0,0.017206937,[Se]?CC1=CC(O)=C(Cl)C=C1C
1030,DB03366/DB15934,0,0.049616188,N1C=CN=C1?[Fe++].[Fe++].OCC(O)COP([O-])([O-])=O.OCCC(CCO)OP([O-])([O-])=O
92,DB00310/DB00206,1,0.99112,NS(=O)(=O)C1=C(Cl)C=CC(=C1)C1(O)NC(=O)C2=CC=CC=C12?[H][C@]12C[C@@H](OC(=O)C3=CC(OC)=C(OC)C(OC)=C3)[C@H](OC)[C@@H](C(=O)OC)[C@@]1([H])C[C@@]1([H])N(CCC3=C1NC1=C3C=CC(OC)=C1)C2
68,DB00281/DB00595,1,0.92667913,CCN(CC)CC(=O)NC1=C(C)C=CC=C1C?[H][C@@]12[C@@H](O)[C@@]3([H])C(C(=O)C4=C(C=CC=C4O)[C@@]3(C)O)=C(O)[C@]1(O)C(=O)C(C(N)=O)=C(O)[C@H]2N(C)C
703,DB00232/DB01626,1,0.97888225,CN1C(CCl)NC2=CC(Cl)=C(C=C2S1(=O)=O)S(N)(=O)=O?CN(CC#C)CC1=CC=CC=C1
142,DB00332/DB01001,1,0.9755101,[H][C@]12CC[C@]([H])(C[C@@H](C1)OC(=O)C(CO)C1=CC=CC=C1)[N+]2(C)C(C)C?CC(C)(C)NCC(O)C1=CC(CO)=C(O)C=C1
988,DB07425/DB06150,0,0.03509116,CC(C)C1=C(O)C=CC(CC2=C(C)C=C(OCC(O)=O)C=C2C)=C1?COC1=NC(OC)=NC(NS(=O)(=O)C2=CC=C(N)C=C2)=C1
71,DB00281/DB00878,1,0.9470396,CCN(CC)CC(=O)NC1=C(C)C=CC=C1C?ClC1=CC=C(NC(=N)NC(=N)NCCCCCCNC(=N)NC(=N)NC2=CC=C(Cl)C=C2)C=C1
723,DB03601/DB07806,0,0.047724366,OC1=CC=C(C=C1)[C@@H]1CC(=O)C2=CC=C(O)C=C2O1?[H][C@@](NC(=O)CC1=CC=CC=C1)(C(=O)NCC1=CC=CC=C1)[C@]1([H])N[C@@]([H])(C(O)=O)C(C)(C)S1
64,DB00277/DB01075,1,0.62966096,CN1C2=C(NC=N2)C(=O)N(C)C1=O?CN(C)CCOC(C1=CC=CC=C1)C1=CC=CC=C1
830,DB11739/DB03623,0,0.9411675,CNCC1=CN(C(=C1)C1=CC=CC=C1F)S(=O)(=O)C1=CC=CN=C1?OC1=CC=C(C=C1)C1=CC2=C(C=CC3=C2C=NC=C3)N=C1
